<?xml version="1.0" encoding="UTF-8"?>
<!DOCTYPE mapper PUBLIC "-//mybatis.org//DTD Mapper 3.0//EN" 
	"http://mybatis.org/dtd/mybatis-3-mapper.dtd">
	
<mapper namespace="com.ryu.account.model.dao.AccountDao">

	<insert id="register" parameterType="map">
		insert into account(bank,account_num,name,type) values(#{bank},#{account_num},#{name},"normal")
	</insert>
	
	<insert id="stockregister" parameterType="map">
		insert into account(bank,account_num,name,type) values(#{bank},#{account_num},#{name},"stock")
	</insert>
	
	
	
	<select id="get_account" parameterType="String" resultType="Accountvo">
		select * from account where type = "normal"
	</select>
	
	<select id="get_stock" resultType="Accountvo">
		select * from account where type = "stock"
	</select>
	
	
	
	<insert id="account_spend_register" parameterType="map">
		insert into spend(bank,account_num,spend_type,recipient,money,date) values(#{bank},#{account_num},#{spend_type},#{recipient},#{money},#{date})
	</insert>
	
	<update id="spend_update" parameterType="map">
		update account set money = money - #{money} where account_num = #{account_num};
	</update>
	
	<update id="income_update" parameterType="map">
		update account set money = money + #{money} where account_num = #{account_num};
	</update>
	
	<select id="get_accountspend"  resultType="AccountSpendvo"> 
		select * from spend order by date asc
	</select>
	
	<select id="get_accountspend2" parameterType="map" resultType="AccountSpendvo"> 
		select * from spend order by date desc  limit #{spenddisplaypost}, #{spendpostnum}
	</select>
	
	<insert id="income_register" parameterType="map">
		insert into income(bank,account_num,source,money,date) values(#{bank},#{account_num},#{source},#{money},#{date})
	</insert>
	
	<select id="yearlyspend" parameterType="String" resultType="CardSpendvo">
		 select spend_type,  date , sum(money) as money from (select spend_type, date, money from spend) as spend group by date order by date,money
	</select>
	
	
	<select id="yearlyaccountspend" parameterType="String" resultType="CardSpendvo">
		select bank, account_num, spend_type, recipient, sum(money) as money, date from spend group by(date) order by date
	</select>
	
	<select id="yearlyspendtype" parameterType="String" resultType="SpendtypeCountvo">
		select spend_type, count(spend_type) as count, sum(money) as money from  spend group by spend_type having spend_type not in ("기타") order by money desc
	</select>
	
	<select id="yearlyincome" parameterType="String" resultType="Incomevo">
		select sum(money) as money, date, source from income group by date order by date asc
	</select>
	
	<select id="yearlyincome2" resultType="Incomevo">
		select * from income  order by date desc limit #{incomedisplaypost}, #{incomepostnum}
	</select>
	
	<select id="yearlyincomegroup" parameterType="String" resultType="Incomevo">
		select source, sum(money) as money from income group by source order by money desc
	</select>
	
	<select id="yearlyincomemonth" parameterType="String" resultType="Incomevo">
		select sum(money) as money,  substring(date,7,1) as date2 from income group by date2 order by date asc;
	</select>
	
	<select id="yearlydelivery" parameterType="String" resultType="Datavo">
		select recipient, count(recipient) count, sum(money) as money from spend where spend_type = "배달" group by recipient order by money desc
	</select>
	
	<select id="yearlygrocery" parameterType="String" resultType="Datavo">
		select recipient, count(recipient) count, sum(money) as money from spend where spend_type = "식자재" and recipient in ("GS편의점","다담마트") group by recipient order by money desc
	</select>
	
	<select id="yearlyrest" parameterType="String" resultType="Datavo">
		select sum(money) as money from income union select sum(money) as money from spend
	</select>
	
	<select id="stock" resultType="Stockvo">
		select invest, now, truncate(now/invest * 100 - 100,0) as per from stock
	</select>
	
	<select id="navercookie" resultType="SpendtypeCountvo">
		select truncate(sum(money)/100,0) as money from spend where recipient = "네이버"
	</select>
	
	<select id="incomecount" resultType="int">
		select count(*) from income;
	</select>
	
	<select id="spendcount" resultType="int">
		select count(*) from spend;
	</select>
	
	<update id="stock_update" parameterType="map">
		update stock set invest = invest + #{money}
	</update>
	
	<update id="stock_update2" parameterType="map">
		update stock set now = #{money}
	</update>
	
	<update id="stock_update3" parameterType="map">
		update account set money = #{money} where type="stock"
	</update>
	
</mapper>